{
  "condition": "random_full_corpus",
  "results": {
    "recall@1": 0.22324854975457398,
    "recall@5": 0.42119589468987056,
    "recall@10": 0.5061579651941096,
    "mrr": 0.4345657763328445
  }
}