{
  "random": {
    "recall@1": 0.5201900788131664,
    "recall@5": 0.9142095503013443,
    "recall@10": 0.9513212795549374,
    "mrr": 0.9258538093030443,
    "n_examples": 719
  },
  "sibling": {
    "recall@1": 0.41675938803894297,
    "recall@5": 0.77185906351414,
    "recall@10": 0.8391284191006025,
    "mrr": 0.8082306775283131,
    "n_examples": 719
  },
  "dfsdt": {
    "recall@1": 0.4144413537320353,
    "recall@5": 0.7738293926750117,
    "recall@10": 0.8504636068613816,
    "mrr": 0.810250126939974,
    "n_examples": 719
  }
}